,filename,average anticip_lickrate
0,file1,0.2543664111602045
1,file2,0.2543664111602045
2,file3,0.2543664111602045
