,filename,average bl_lickrate
0,file1,0.03636363636363636
1,file2,0.03636363636363636
